CHROM	POS	REF	ALT	AF	DP	GENE	EFFECT	IMPACT	HGVS_C	HGVS_P	CLNSIG	CLNDN	AF_hom	AF_het	AC_hom	AC_het
NC_012920.1	73	A	G	0.8526	502	MT-TF	upstream_gene_variant	MODIFIER	n.-504A>G		.	.	0.715743	0.00010683	40199	6
NC_012920.1	150	C	T	0.934	530	MT-TF	upstream_gene_variant	MODIFIER	n.-427C>T		.	.	0.166279	0.000657019	9364	37
NC_012920.1	185	G	A	0.9405	538	MT-TF	upstream_gene_variant	MODIFIER	n.-392G>A		.	.	0.0501046	0.000957073	2827	54
NC_012920.1	189	A	G	0.943	596	MT-TF	upstream_gene_variant	MODIFIER	n.-388A>G		.	.	0.077394	0.00139224	4336	78
NC_012920.1	195	T	C	0.9336	542	MT-TF	upstream_gene_variant	MODIFIER	n.-382T>C		.	.	0.276064	0.00240753	15480	135
NC_012920.1	263	A	G	0.9216	574	MT-TF	upstream_gene_variant	MODIFIER	n.-314A>G		.	.	0.990695	0.000194966	55895	11
NC_012920.1	295	C	T	0.8361	659	MT-TF	upstream_gene_variant	MODIFIER	n.-282C>T		.	.	0.056036	1.77217e-05	3162	1
NC_012920.1	489	T	C	0.9277	705	MT-TF	upstream_gene_variant	MODIFIER	n.-88T>C		.	.	0.109352	3.54925e-05	6162	2
NC_012920.1	750	A	G	0.9591	684	MT-TV	upstream_gene_variant	MODIFIER	n.-852A>G		.	.	0.983408	0.00010647	55419	6
NC_012920.1	1438	A	G	0.7696	946	MT-TV	upstream_gene_variant	MODIFIER	n.-164A>G		.	.	0.956096	7.11579e-05	53745	4
NC_012920.1	2706	A	G	0.9193	1276	MT-TL1	upstream_gene_variant	MODIFIER	n.-524A>G		.	.	0.739491	8.92522e-05	41427	5
NC_012920.1	3106	CN	C	0.7798	1376	MT-TL1	upstream_gene_variant	MODIFIER	n.-123delA		.	.	.	.	.	.
NC_012920.1	4011	C	T	0.9159	1023	MT-ND1	synonymous_variant	LOW	c.705C>T	p.Asn235Asn	.	.	0.000496164	3.54403e-05	28	2
NC_012920.1	4216	T	C	0.9655	1419	MT-ND1	missense_variant	MODERATE	c.910T>C	p.Tyr304His	.	.	0.117561	5.36807e-05	6570	3
NC_012920.1	4769	A	G	0.991	1001	MT-ND2	synonymous_variant	LOW	c.300A>G	p.Met100Met	.	.	0.983868	3.54931e-05	55440	2
NC_012920.1	6671	T	C	0.9532	941	MT-CO1	synonymous_variant	LOW	c.768T>C	p.His256His	.	.	0.00278221	1.77211e-05	157	1
NC_012920.1	7028	C	T	0.938	936	MT-CO1	synonymous_variant	LOW	c.1125C>T	p.Ala375Ala	.	.	0.749396	3.60373e-05	41590	2
NC_012920.1	7476	C	T	0.9386	798	MT-TQ	upstream_gene_variant	MODIFIER	n.-3076G>A		.	.	0.0110221	0	622	0
NC_012920.1	8292	G	A	0.9361	782	MT-TQ	upstream_gene_variant	MODIFIER	n.-3892C>T		.	.	0.00159521	0.000159521	90	9
NC_012920.1	10398	A	G	0.8815	928	MT-ND3	missense_variant	MODERATE	c.340A>G	p.Thr114Ala	.	.	0.41848	0.000142425	23506	8
NC_012920.1	10499	A	G	0.9463	764	MT-ND4L	synonymous_variant	LOW	c.30A>G	p.Leu10Leu	.	.	0.00742473	1.77201e-05	419	1
NC_012920.1	11002	A	G	0.8831	753	MT-ND4	synonymous_variant	LOW	c.243A>G	p.Gln81Gln	.	.	0.0173871	0.000141791	981	8
NC_012920.1	11251	A	G	0.9373	734	MT-ND4	synonymous_variant	LOW	c.492A>G	p.Leu164Leu	.	.	0.110087	0	6211	0
NC_012920.1	11377	G	A	0.899	891	MT-ND4	synonymous_variant	LOW	c.618G>A	p.Lys206Lys	.	.	0.0136124	1.77245e-05	768	1
NC_012920.1	11719	G	A	0.9799	647	MT-ND4	synonymous_variant	LOW	c.960G>A	p.Gly320Gly	.	.	0.711036	5.34855e-05	39882	3
NC_012920.1	12570	A	G	0.9032	1570	MT-ND5	synonymous_variant	LOW	c.234A>G	p.Leu78Leu	.	.	0.00097459	0	55	0
NC_012920.1	12612	A	G	0.9561	1572	MT-ND5	synonymous_variant	LOW	c.276A>G	p.Val92Val	.	.	0.0577547	0.00017727	3258	10
NC_012920.1	13708	G	A	0.9823	1186	MT-ND5	missense_variant	MODERATE	c.1372G>A	p.Ala458Thr	.	.	0.0756374	0.000372598	4263	21
NC_012920.1	14766	C	T	0.9516	1261	MT-CYB	missense_variant	MODERATE	c.20C>T	p.Thr7Ile	.	.	0.70679	5.34893e-05	39641	3
NC_012920.1	15257	G	A	0.7992	1225	MT-CYB	missense_variant	MODERATE	c.511G>A	p.Asp171Asn	.	.	0.0127428	1.7723e-05	719	1
NC_012920.1	15326	A	G	0.9377	1219	MT-CYB	missense_variant	MODERATE	c.580A>G	p.Thr194Ala	.	.	0.993422	0.000212774	56027	12
NC_012920.1	15452	C	A	0.8644	1202	MT-CYB	missense_variant	MODERATE	c.706C>A	p.Leu236Ile	.	.	0.110308	0	6223	0
NC_012920.1	15679	A	G	0.8715	1517	MT-CYB	synonymous_variant	LOW	c.933A>G	p.Lys311Lys	.	.	0.00109863	0	62	0
NC_012920.1	16069	C	T	0.924	1066	MT-ND6	upstream_gene_variant	MODIFIER	c.-1396G>A		.	.	0.0562085	0	3171	0
NC_012920.1	16126	T	C	0.937	1365	MT-ND6	upstream_gene_variant	MODIFIER	c.-1453A>G		.	.	0.14321	0.000443813	8067	25
NC_012920.1	16241	A	G	0.954	1000	MT-ND6	upstream_gene_variant	MODIFIER	c.-1568T>C		.	.	0.0022683	5.31632e-05	128	3
NC_012920.1	16274	G	A	0.8367	1286	MT-ND6	upstream_gene_variant	MODIFIER	c.-1601C>T		.	.	0.0138106	0.000352217	745	19
NC_012920.1	16399	A	G	0.9339	938	MT-ND6	upstream_gene_variant	MODIFIER	c.-1726T>C		.	.	0.0349659	0.000327124	1924	18
NC_012920.1	16519	T	C	0.9922	897	MT-ND6	upstream_gene_variant	MODIFIER	c.-1846A>G		.	.	0.657251	0.00153029	35648	83
